0,1
0.3939920525003263,-0.41637590053161005
0.5282430732095846,-0.8282424323757224
-0.7401575949564212,0.6077302992448504
-0.9710160637905805,0.3168210070119234
0.01869280901774066,-0.6052882533859756
-0.813704867252237,-0.604364793188968
-0.3578171061211219,0.34352733696753607
0.14680684567742594,0.9868751762265845
0.6378235844496194,0.6773888827739339
1.009006579557538,-0.2651857525694053
-0.9545837838586851,-0.022651365046147492
0.5028604954630935,0.09219828504689617
0.23495534476506208,1.011497218389148
0.02197483370926985,-0.5097038780809071
-0.4451034490708011,-0.06926607346492522
-0.25669737120762876,-1.0456590456663761
-0.7803711720475686,-0.7011966242195492
-0.04868454647624456,-1.041926150481188
0.6284654330335415,-0.7792564442737329
0.49921503704142633,-0.02680495883126222
-0.7779454732961408,0.5806991751263547
-0.8297886467022209,-0.4117399215257326
0.14464126339799607,-0.5356833065512926
-0.47767801479568844,0.25232513209531715
0.48183310741788515,-0.2603701481750053
0.43804424304281603,-0.3023765765276594
-0.37229283070996977,-0.8225045223968674
0.1759654592716705,-0.4728115295449469
-0.47495680995356065,0.3084017005715584
-0.1774324045624795,0.49804121272091145
-0.7858512536435782,-0.7184790779185395
0.5311507402632393,0.9494747578895563
0.3687247826830235,0.41042799709694
-0.2640324612163186,-0.42440993776076447
-0.442746105705105,0.1861958199503566
0.9011830406583,-0.24143397000228167
0.17597556284688004,-0.46211663959805094
-1.0396354207179632,0.16997272406129393
-0.43241592885076546,-0.35855457531790585
0.9768723175890975,0.26307409408727533
-1.006006322237162,-0.2773363870555486
-0.37878903487216437,0.8314548449427582
-0.2173054694754451,0.46802680297045024
-0.15397524889758557,0.5505607514843862
-0.07282704230017324,-0.44614705526146836
-0.08077850745735758,1.0587741385860985
0.3085040047350512,0.4199848578125763
0.9792127470435713,0.06572641740633171
0.9102878843053118,-0.34035126113590636
0.14672575158500017,-0.4927968469431564
0.14293032564781602,0.9729094109946264
-0.9694754105752912,0.4751116658971883
0.8220404872675354,0.5322906238098986
0.3395331286110516,-0.09429798800565337
0.15092505230953007,-1.0386959228203958
-0.2512976599022774,-0.9928584423164533
0.1299444324136973,-1.0060145479023452
0.3628613803803513,0.24312882416694648
0.8597276421685931,0.4163900651156153
0.7638201373721161,0.6533958264158541
-0.19332469596826032,-0.5038989254799443
0.40627068666193417,0.036862541796049406
0.3018543820580041,0.36575024761919406
-0.23033829390705032,1.0313076299469939
0.38418923459582166,0.8551628237942178
0.1234918622652437,-0.9880720684465287
-0.5109358948452848,0.010109231755878044
-0.36170343724576864,-0.31878530559909524
-0.5288991686179912,-0.9222812783663437
0.023668783311564332,0.47577929773560623
0.5429951759710782,0.20128131558178874
-0.5575244846456257,0.7879188903424782
0.7683291129405742,0.6872464283756576
-0.7143108792162,-0.6751278183630701
0.9276390016177035,0.3410813455922188
0.6829803945632336,0.6688684321476326
-0.16228200934362108,0.5283539593052903
-0.0052370683053165265,-1.0748260982470674
-0.9507162086396098,0.3291344262496199
-0.7769697220900346,0.618150466389388
-0.38516098604739823,-0.2641369261527041
-0.23087817504460864,-0.4459652817728579
1.0390561981968232,-0.0035733832631719975
0.4895838646546132,-0.00031623113301131045
0.4524836440622133,0.028586189409917112
0.7659530164402313,-0.6967664310442313
-0.5377876400326838,-0.13052986015787557
0.7087803524710866,0.7076376045486527
0.4989032088617987,0.22388956394586845
0.4603321534708523,0.812196582493126
-0.8513489752408512,0.4686857592645127
0.4646508025557903,-0.22989161492159
0.8916800480644029,-0.4631271277189469
-0.9183015461107549,0.40814125323032907
0.8769356616502015,-0.6146792289414806
-0.9870691861671039,0.22195802464403647
0.2564706506797987,-0.3675624985200234
0.1279541674477337,0.9387969531029566
0.22977415987190583,0.40040134912224207
0.9368444538191827,0.34268353419246367
-0.9600209404788111,0.052834689192193855
0.6131189749088893,0.7165053026261065
0.4114202816201736,0.3526710528792187
-0.4585082222704791,0.9764559179884458
0.9710953098480262,-0.06044661067376789
0.2851232152733312,0.48572941289103055
-0.09886139078462942,0.5907028238810046
0.3973724079391631,0.1646470074843384
-0.24276963587165296,0.5101398971272069
-0.9022779184338556,0.5635136216155888
-0.2992479559635589,-0.3992402180124398
-0.7109867610859523,-0.7321171489618256
-0.8530375623170903,0.526122310044352
-0.25622516789881067,0.44727629737323105
0.21170526657609634,-1.0881918936744188
-0.2600397796554974,-0.3855708210989582
0.8405388108040137,-0.34932666844355054
0.4961760626105754,0.16270494770834165
-0.39599477296442015,-0.9303209089499612
-0.41932157834150613,-0.9681631475153781
-0.4920001852861374,0.030959844255521993
0.27201911819302355,0.3767958830194762
0.10423279787502444,-0.4482879134025096
1.008201453453553,-0.16813650356663534
-1.0111856059688027,0.15700318659376616
-0.2854021589736653,0.9202892818755215
-0.9568792677555191,-0.3321418102155845
-0.3932792748894568,-0.8507387091092067
-0.5436803164555202,-0.15070474788127336
0.005652678227306839,0.486074798885578
-0.14962508368400712,0.4034184148697469
0.36080076900107894,-0.3076916102384258
-0.45784722416744733,-0.03809399562791232
0.12269066102400765,-0.9751780275898354
0.2122504987608748,0.951882311287692
0.7678478572452132,0.6079622530232995
-0.6038326671728546,-0.81911251665926
0.4392990599686236,-0.22550527256873862
-0.029055773584175885,-0.9935907899658892
0.8655663745062229,-0.49463674630289295
-0.1262264553736391,0.9773934058993238
-0.447369741339841,0.3089539454135579
0.685033189276764,-0.611103314777869
0.3033752237350651,0.3184740262569246
-0.29631594886711027,0.349029257066783
0.47205084418048937,0.18813869655328427
0.6864053381661211,-0.7056076342701368
0.9074789152232288,-0.33120013872333914
-0.5445825577099596,0.8556042667354127
-0.0008052316392912311,0.9889043873582732
0.5907575403442179,0.8236101136052094
0.7620748432492651,0.5927100389402481
0.9565426030733116,-0.05874281713435957
0.7110936542550963,-0.6881523124937596
0.5066689948869648,-0.13337436421939688
-0.08887652317648415,0.47534113951170376
0.13020404371441407,0.4873268420814275
0.380503494060012,-1.0636416289322606
0.09011429160041265,0.48691721088713147
-0.5030555657627883,0.15054219958124618
-0.3821995958397171,-0.1701684524522195
0.2847297495914202,-0.41478246706139943
0.7554734253900228,-0.6390549391027388
-0.87167339972343,-0.40796692342953056
0.43235937200781493,-0.1158952799482271
-0.7798025969806764,0.7006739868151467
0.25038487665414766,0.4353967844639758
-0.15008162574422282,0.959111566151532
-0.8248656053686472,0.5705696095223066
0.3058472086772336,-0.4642884372297729
-0.7196269874402851,-0.5199227446776955
0.9491770845711985,0.26118626893420516
-0.457003028827513,-0.1396696573732238
0.3327979428158723,0.42923765254228735
-0.27377858120443765,0.9813732400508421
0.22868706992466717,0.9743625676340605
0.4229551020333993,0.3948884339228553
-0.1294204216744091,0.9437688663649834
-0.47738384983257187,-0.19372230336867147
-0.455212741335332,0.22669084929784172
0.8747970920169096,0.2963094507393238
0.9788217181870554,0.06648986255956213
0.5692620278097813,-0.864750336369511
0.014541024092419835,0.5289421555841084
0.31292466188376483,0.3072074162614595
-0.9636401436805638,-0.225450584378648
0.10097175335922648,0.49484637819192334
0.48967162357541494,1.0289968326652041
0.07355397831618543,-0.9147534865055089
0.4156603984739408,-0.37727511502351796
-0.9430666899749495,-0.23557683058819814
-0.2721545841492221,-0.5246458922674435
-0.9438313976155427,0.3904426595282765
-0.3413289321822956,-0.274028236732272
-0.43952089422205914,0.8880448491228797
0.9754463136430978,-0.25127459245217976
0.034295424696693846,-0.5421532998290296
0.5576613842616597,-0.04764759030597068
-0.12579079978580976,0.99592308299863
0.34526817898258844,-0.325869558973795
-0.9431098894901808,0.23670300277238646
-0.2965423359903423,-0.31589446345625344
0.27465700006910077,-0.9793448879022227
0.30427332814418845,-1.0205629156518439
0.8840925570332534,0.5373440322348761
-0.348657063928183,-0.8724009427208037
-0.2908363110186606,-1.0177113197708714
0.48067638412283875,-0.1929573809599505
0.9908020094448463,0.18081740539448238
-1.002352449880045,-0.20866708559391134
-0.13411676679392323,-0.5633840267915524
-0.5942169545456513,0.8036232757636391
0.11677814009654253,-1.0240104466946462
0.7939621334006313,0.632872771998941
0.4334748875672155,0.03157788091871645
0.43022655020878803,-0.9557743668153111
0.33105206409554744,-0.48736787554221744
0.5191804858980749,0.8665530109467865
0.3043329013552249,0.5245021075839128
0.38246968725771247,0.3176042931838155
-0.5058552051031062,0.0024825306568522637
0.9647324011310113,0.28934261768447295
-0.8401879974098053,0.5804046682994983
-0.2381815858770518,-0.41808021875568996
-0.3965967762823737,0.28149791287618864
0.27707953625132375,0.42324789771422405
-0.6638033943817833,-0.7082939150635436
0.979796940325348,0.24101491573405526
0.4162482239392685,-0.025760232323303933
0.9809590187097053,0.4404071180869475
0.4611511396082816,0.22003172940107335
0.1710920457449344,-0.47809601672956953
-0.8094595785481413,-0.5837058150537658
-0.2085868987617419,0.46470419465622526
0.8671605066749554,0.6060617103876426
-0.2480611248444548,0.3974643042797353
-0.9610138122003063,0.2263929643941855
0.36875380409362984,-0.8909298081375097
-0.08481173425566868,-0.3804318682449688
-0.40513510652439644,-0.29647439076718674
-0.5473095061561731,0.17186769959087084
-0.5638442941816197,0.8360901893340759
0.6096744274126933,0.7834276504421325
0.24807527288942505,-0.5145850243595093
-0.24641856584911834,-0.3903249774682973
0.25435089100628194,0.9732870238053107
-0.8936132319535725,0.14089101953950953
0.8909196252177353,-0.29909694807600584
0.7783956003790838,0.5892732745842852
0.5581248013745256,0.12471324377934531
0.43648655651664076,-0.10042459545364066
0.3815576737740061,0.9045657829836581
-0.7224078035822153,0.6455574062954046
-0.4757399786775863,0.03460312201600919
0.4144274479587993,0.3400714293479679
0.6138369932146559,0.8756891766142137
-0.5424449654900176,0.12260666586124536
0.9524752411530186,0.5038328137263127
-0.1493576469878301,0.5030281977052229
-0.41083563548861846,-0.25326291255986544
-0.7177078536522494,0.6701684086573443
0.0713199824652566,-0.926682367651286
0.6239135740103078,0.7384912326988985
-0.3910308875341269,-0.3735950075544371
0.948376520407344,0.07571256193612855
0.45596394257469425,0.20118408850616537
-0.06811750166275371,0.42853619709558144
0.9084135929884677,-0.60489055128364
-0.7611521473753076,-0.40385624209415916
0.39336289271328523,0.3494898249671096
-1.0066167330931428,0.01787731717594096
-0.3764944359342866,0.46566109400332384
-0.12894639811181302,1.0119061101644662
-0.27400516721089163,-0.9313790104266064
0.46369720729019676,-0.8327343558787578
-0.9500992183493908,0.1083830898810308
-0.12942184728293682,0.9543531863779997
0.09321950816272963,-1.0064468813806386
-0.27155668657304494,-0.4044432058111009
0.8638885628114404,0.37045292641528216
0.41726156377393164,0.24162149577200837
0.3349310552235169,0.9112241268376011
-0.3810573323794648,0.9487698325141791
-0.5756958029278475,-0.09725088543924114
-0.4263822000950526,0.01732652484102974
-0.33030406902633047,0.24942255402880759
0.08041338847871368,1.0200671441585643
-0.4413945681452492,0.0329077130015851
-0.46048609414853214,0.8700623308570665
-0.4005211311185072,0.14303804384252805
0.19996438681094592,0.36841016969688295
0.17897483569011305,0.4294363610173392
-0.4824232651736564,-0.37967075399424144
-0.29849897991384283,-0.38827300444666907
0.5763139341669019,-0.015901548503290452
-0.4628880786827881,-0.12460647797611096
0.9468686127944522,-0.3422451143780808
-0.49797674069954706,-0.0039668233334809585
-0.4258273485552068,-0.21180070938242296
-0.2724533887031163,0.4257802180086101
-0.5357117550611631,0.7776224521257917
-0.21937265257847471,0.42880426785780446
-0.22009760824358482,0.4452160608626519
0.5894545608542254,0.7264977259667456
-0.18781510237127286,0.350323507381706
-0.43326923799534955,0.7954966879741195
-0.2198601532646648,-0.38814042762748224
-0.2920242438008491,0.8857542790333662
0.8526153961386387,0.6119496478288476
0.08518875431619645,-1.0086290513299911
-0.2150368751321543,-0.9715801053870791
-0.11203267622396651,-1.0157360097117496
-0.46434829738855904,0.21833315167457104
0.46975580696810987,0.01112343043143716
-1.0142339152941586,0.1669064401976782
0.5430745280407632,0.112484446449164
0.5718725276791579,-0.08779685301538484
-0.4841248441319271,0.30633605786594603
-0.49405192246809526,-0.25758003865414114
0.7255410497972654,-0.7128404071062756
-0.5731568456778824,-0.05446954769957198
-0.010645687629068517,-0.5322009521986812
-0.4959270804584366,0.29845499673049924
0.523076830043167,0.27534842555087014
-0.3079158035786429,0.3606125136792272
0.998038760469308,0.3127779391537176
-0.6335863415557518,0.7300886877810345
0.1084752113378317,0.5070250762961955
0.3346576804427064,0.35631802902173526
-0.5335277440378309,0.8038570249134884
1.0628078207921907,-0.21937780086186764
-0.2547045855471371,-0.9887121842830108
-0.5520755212632565,0.012905627315714291
-1.042384587583366,-0.08378894129342085
-0.8395679072089426,0.528902326396472
0.33986204665633224,-0.3295017143532075
-0.35814131959396206,-0.3393340875444711
-0.004432088368887463,-0.5697576467636682
0.3293175757306927,-0.9146213206131574
0.48740227206444947,-0.21867001345588305
-0.12828508273329398,-0.3979624889912198
-0.48046220688226227,0.12138381556498395
0.26333538232728465,-0.423352939861001
-1.0261110550394617,0.4023619381517456
-0.4170308428035326,-0.085442007584982
-0.14551245611272404,0.5042144037175956
0.10280190583355411,-0.4289097398444218
0.3899923865994528,-0.3285336966115372
0.5403406088028737,0.870437713906981
0.3680840726344255,-0.910112974935468
-0.27453766314625383,-0.4313040113089868
0.4755028367127359,-0.23220686440191768
0.9742964785547031,0.026158958412014224
-0.9633935639730544,-0.3920914540236645
0.6299823765065823,0.7166283661332353
1.0659409760980336,-0.1399721293689441
0.5956009975714751,-0.811943820205846
0.95386341003089,0.1379300834004631
-0.8139239394932688,0.5059368903940986
-0.3993448510197522,-0.16536396445746093
0.3268623725764249,-0.904279535541928
0.475040218630655,-0.8780373422077666
0.6743864195880852,-0.7590183531359357
-0.47282354372928154,0.29495092899590497
1.0181645713729122,-0.21484665308814865
-0.34784047427330184,0.3811209034773824
0.5737095077594769,-0.046491900097011804
-0.5064254387836198,0.9375616003753534
-0.43321168496145324,0.29551411960839835
0.07887762846606038,-0.4927630253658118
-0.11282985037015686,-1.0037331492649995
0.5649589995941502,-0.005159877499572252
0.5022553904897937,0.19179776465207332
1.0259112266389592,-0.16332919421823486
0.4834557825611958,0.004613431180871819
-0.29069272875562374,-1.058093128614678
-0.3906041807761965,-0.28692506046873467
0.30702125276880077,0.42843175573507924
0.31406451389581075,0.9962976869516297
0.6150709410679264,0.8002245815795936
0.9775308637396349,-0.01808430062083783
0.015130769786156835,-1.0139355105319596
-0.318910924657989,-0.3954041530224729
0.46845884802501814,-0.9346960824108116
0.1705183537348537,0.5821541705251486
-0.17599159875169898,1.0249130147151058
-0.22033397385385722,-0.9259340538749217
0.09515667127120381,-0.4912551672741548
0.6119787528579521,0.7685202590975975
-0.40549021586068956,0.2729197813935337
0.061148834770955694,0.9579304646585614
-0.9660241062081731,-0.27668113762069924
-0.4836418764792275,-0.8487409996938955
0.3589786330102088,0.21752071355100797
-1.0336986739320442,-0.13827565768095387
0.1440731077297827,-0.46579703670843686
-0.3163924171443353,0.4896240526974366
0.1580346187604955,-0.4102060051940205
0.6381438011532145,0.8724764899331853
0.39995024613192026,-0.23066215759032177
0.7060722354109528,-0.7419303799273821
-0.2077530673392665,0.9765649349251014
-0.19641620494346423,-1.0233607838743473
-0.42304733139479783,-0.2745307025451734
-0.18015890596621642,-0.47368181493566913
0.26643584646337387,-0.4529233282056198
-0.045782613577077656,0.5309729943816
-0.1666000997560591,1.0153916583940208
-0.43110158544053534,-0.3716796778935738
0.3918804061055087,0.24498910580949687
-0.6166464331107114,-0.8084147912090733
0.6830824968195529,-0.7891789268372158
0.5263599579445872,0.10692178103601753
0.39442840314342104,-0.19446689921689736
-0.19918337934689578,0.5411516827648463
0.9194842443758707,0.10553437631434287
-1.0404738247641183,-0.12692195370428613
-0.5389519914062152,0.7668441196095582
0.0054021885731085385,0.9770257023332629
-0.671311320122894,0.5503345923343249
0.8763037683447552,-0.45264782046142893
0.037167046280969424,-0.49845349795099136
-0.47608541361631385,0.15587290645877738
0.33917150782426003,0.8847654254917803
-0.06639321617884054,1.087098775412272
-0.4100632626911509,0.37848169317904495
-0.37464473583590907,-0.8357590364620308
0.9493430910157443,0.3411564535183899
0.5792734465448224,-0.13482848980817486
-0.5606901563224536,0.26112480598422716
-0.4015998912614386,0.28771327591061885
0.3159777896715536,-0.39253521215361425
-0.16114569602423662,0.5173472936685279
0.7188464296850212,-0.7058072356565865
0.17675933853317158,-0.5043098518152568
0.4148179508572943,-0.25013621356230575
-1.0023986447409883,-0.22905452551429578
-0.20225753727644655,0.8942922629136829
1.004541545681478,-0.31289686937829253
-0.9883494205263234,-0.04739940150896537
0.4382691435691062,-0.030328030556058823
-0.9334928656491165,0.0069306764742473265
-0.2518393393079442,0.3269073094536947
0.3715393069756709,0.2939989811890121
0.18942831182025985,-0.9258160300972709
0.18403962167829568,0.4002550095532556
-0.09633814868351612,-0.9907043140367284
0.46102291033825227,-0.17376096218725726
0.44601667004048173,0.27392872233339616
0.10354288103489495,-0.9810150715843796
-0.3539932324962376,-0.4898263175889957
0.7727220257548877,-0.6127958352022094
-0.4759186069061856,0.837967131585657
0.3648554316117121,0.22911474809688057
0.17117956108329166,-0.4549890241741401
-0.13705314568419413,-0.5206471045479097
0.31732364942203806,0.41054399105345946
0.1269253348647276,0.44512465737133555
-1.0567979014514854,-0.25120103415112105
0.4149767815205682,-0.24462449893264326
-0.29597614816325274,0.4618698873980276
0.9305768825149275,-0.21874727529872767
-0.8613664254282434,0.39340583000667123
0.5039620502914489,0.9193996663639253
-0.1745576513572798,0.4961758910556341
0.43481092546710326,0.20930523706878673
0.40339257429805253,-1.0074524167914447
0.45880046070921104,0.03333597892279201
-0.5021735668743176,-0.20570465530846216
-0.25484640216440424,0.4461060383359724
-0.5175338869398871,-0.022542589603014446
-0.4589631248426189,0.04518527048498638
0.14756478215961447,-1.0090036359918408
0.4299353437915504,0.2561384549661265
0.5102566910408645,0.8177433410246505
0.17383941086125854,0.5014875990421489
0.7489519716056888,-0.7292658714823368
0.3808179273987049,0.2571224815978801
0.46437938467895234,0.05734284314675146
-0.08136758382233987,-1.028899814088905
0.4667672363368052,-0.17165888589732264
-0.8378222400084718,0.6661862175300102
0.018535549284739137,-0.4895032129893698
-0.4245149508490931,-0.8807399230379898
-0.8962346162219808,-0.6364171136597065
-0.9526681855016137,-0.5771937518759708
0.3441040352913992,0.30850812402059097
0.5691814151683167,-0.8916288206093664
-0.31084126388996147,-0.4219244860824386
-0.33398995930508,0.9987516218472398
0.3513093032763228,-0.9568220507151691
-0.0017558437158214993,-0.9574821014064322
0.41167515787500564,-0.34401472421068996
0.10275103516955314,0.5277100440529311
-0.6412880199203121,0.7498014426441673
0.9650972758921638,0.2520891550759155
-0.4671451316826416,-1.0442798892311795
0.4568667651752674,0.21046142103992616
-0.935495446120666,0.1740282012856035
0.5027066311148388,-0.0009664403413090356
-0.37212043947061946,-0.9334623417475564
0.7492317085575407,-0.6758350732181686
0.8656417442064486,0.571042719588251
-0.4216553960201163,-0.9316941497355223
-0.07381481110337086,0.440628334856907
0.1092304933201332,0.9653896823610232
-0.4003708425745309,-0.2578338291021394
0.9816517415929802,0.24382424444148473
-0.28287721367727425,0.4730181194440969
0.801344866690648,-0.5194467151546
0.48700509195344516,-0.019720290806162527
0.2540628049083591,0.40503601531463385
-0.0464575591677408,-0.4606456441078103
0.22386516010068705,-1.030117827028792
-0.4495317205970267,-0.3224884094467705
-0.05479450106235056,0.5487835685456894
-1.017543533446537,0.10614293326992294
-0.7700255284388154,-0.611157377241365
-0.37194846145586485,-0.30154673977122154
-0.49353846598754586,0.31561139370893815
0.9839805326107849,0.5523119441618314
0.37676587865264066,0.3048368858229469
0.4334746098333313,-0.9323499746273721
-0.6310538879950028,-0.819304177764635
-0.4890374592820591,0.1287289347359792
0.0619889183941858,0.481827042067705
0.5808070647643624,-0.7971442394653662
0.44399586117957596,-0.2228841867639064
-0.5078151062735918,0.041111960755838214
-0.9295806208161872,-0.08862826140668151
0.24283782431669065,-0.3522604148635507
0.18978384543981855,0.50771427462493
0.9316497523348842,-0.232304230271422
-0.5411776482787711,0.11179120338213178
-0.9956364599673343,-0.08134440438596477
0.2797283324742385,1.034346724061726
-0.2862423473926645,-0.38119314745598076
-0.11741426304754587,-0.9170322561196189
0.22393559588162928,0.43953757009119215
0.23551991014622853,-0.956589151607686
0.43909271340673905,-0.9097798769322285
0.9347225764545747,0.3261579766112876
-0.2668725647040485,0.37474663787321044
-0.9295226230868191,0.15597475819785503
0.019286092577896548,-0.9817444007158359
-0.4003358874803283,-0.3164703315419527
0.9329089646119731,0.3683542005880107
-1.0243739203852742,-0.10893345028217762
-0.365642419893858,0.9457368735532783
0.2395193027612514,-0.3373862998088922
0.0632130569298056,0.5066599943533217
-0.8827686929778055,-0.17754829455558666
0.42776591317769036,-0.03664104375675951
-0.36654683722497766,-0.16037366067528497
0.04230950966520818,0.5028437295559487
-0.5994953961256657,0.7458222640896405
-0.5112811286231672,0.13889830064959302
0.332859524502661,0.3856739245231337
-0.8867633454950308,-0.34789630083151607
0.5316701468005163,-0.8858577995068949
0.15088001671211987,-0.4926674496857198
-0.4300608447326232,-0.29442902512578734
-0.12997377594254866,0.3699558836813898
-0.29594876689375993,1.0067918290453999
-0.6602674094157639,-0.702240522453081
-0.22778051014370773,0.9862275912669726
0.420929710009396,0.8786367395450577
-0.5061717434193406,0.032911737205424896
0.4249187283257917,-0.23328590224109366
-0.19226176814566448,0.4708223356104756
-0.15955437376036,-0.9537939456253887
-0.1531823277585363,0.9768128675689667
-0.7865346379284655,-0.5366875387936686
0.2975309540168914,0.9623610616256608
-0.9174672101909919,0.5322407364980652
0.18074222450092525,0.36136975504002805
0.41990477644300367,0.3073104206177585
0.324308934429569,0.39879662852504905
0.14736559534832983,0.48400632525916415
0.0628374034860056,-0.4048200418419403
-0.4938349437147175,0.06565356807634005
-0.5841985266525874,0.9148756812847757
-0.045921209365493335,0.5026004488609078
0.4921540557062602,0.2960375305357654
-0.9073970161610494,0.21114855597345977
0.09890469940022795,0.4515319613327005
0.4987055691781616,-0.10117491032488733
0.2528779991594216,-0.9844649911094442
-0.5604131920197519,-0.8210701162241816
0.4763131553413577,0.1255538311872308
0.5438515354889976,-0.21731145565242987
-0.1870440573916317,-1.072452131620975
0.5199190733313859,0.13647187132725916
-0.4358986515705887,0.21292555566327587
0.23449001667063113,0.5020747909836489
-0.525610024151295,-0.8767725296181603
-0.956275312729764,0.07878622669099744
-0.973075014729227,-0.4413720530617393
1.0151636247263223,0.21499857452366194
0.8340359047569806,0.47019955105502426
0.7042980925428568,-0.8023365778145026
-0.26450615413308115,-0.9585082498800689
-0.4534923288928982,0.3716591516753292
-0.661995680695437,0.88611211029466
-0.7811613731638846,-0.5836554201028908
0.12481232784682705,0.4405994822744024
-0.3961884913734667,0.1889480545033747
-0.24830996280289203,0.40129560903325806
-1.0694615040177489,0.2507425131720068
-0.047232337285081194,-0.508401391580272
0.4047370024377718,0.9552170626648525
-0.2650112948770007,-0.962237481484734
-0.7458986359863296,0.7676182314980029
0.7248564284277899,-0.7236973983698228
0.5793102641239356,0.7618072135223077
-0.15791809048118594,0.987465441848546
-0.47711361695313154,-0.005399726794772776
0.29840719375458746,0.3740287750289059
0.2503928742754388,0.36977949959546325
-0.39200289381319686,-0.3844289948115834
0.2335777341520095,0.48526949781851725
0.3205744357159648,-0.28632154419009137
0.024709444014180404,-0.47088532940311095
-0.4063921181580228,-0.13221271486744487
0.5925225890759664,0.783768572814576
0.36331350850559,0.34585756518810623
-0.41402354957478416,-0.32012635092376074
0.6621346670708841,-0.8810116124040395
-0.8834444482151417,0.4179103812502318
-0.01983938030026064,1.0212906374649329
-0.2686165688185063,-0.9594342935300254
-0.8372757817461978,-0.4670705952212034
0.9000894058992298,-0.4717660744089451
-0.4838442122149039,-0.1034983671751737
0.8780943952533599,-0.2917425405541145
0.689029658596777,-0.755950094459681
-0.7562509361692598,-0.6366443388632541
-0.4162908566312976,0.22902982456283086
-0.43476098008315034,0.2930006532482767
0.27647644171677493,-0.8992784438023677
-0.9642664343829342,-0.3942036081011786
0.3387990712661023,0.2013377368765387
-0.265909260680838,-0.432837248421911
-0.9039852310258514,-0.2695651024968919
-0.900813326958762,0.5843911033775645
-0.5256100078121733,0.0621727134694536
-0.45959324812369007,0.1817461097560807
-0.06468004537207106,0.4187092611104364
0.44365460741106877,-0.1850410531510921
-0.6729639242314832,-0.7933350701280265
-0.8839701050442956,0.3155998570926341
0.31516726620412105,-0.38850065809863155
0.7253304220888573,-0.6944581720909125
-0.4259294544830627,-0.11306766229155034
0.8105018382887967,0.6720798191575706
0.49857065210696117,0.20972635811918633
0.37406586752401655,-0.9860240200338868
-0.9899450466503872,0.2351612112880871
0.08927277634002305,-0.5141369813539252
0.020636926243560824,0.4631831409157946
-0.9724884511926363,-0.08651211177135962
0.5625424748693298,0.8555743883541781
0.5165015692876527,0.1991375576502297
0.6258267037595223,0.04870452932566065
-0.45056555229692186,-0.3162007651948807
-0.06448937164217632,-0.4761931266572854
-0.431538641766239,-0.8577638558290128
-0.9301197343187674,-0.34650098368131843
-0.37657019816621007,-0.30967395893278765
-0.5824286354812862,-0.7217314169371072
-0.19795647620762175,-0.42343667706321664
-0.014626100467411501,-0.5211862900664215
-0.21798234211883002,-0.5064062954959272
-0.03834731162380232,0.46074575701557247
0.23863259767329828,0.9118123980302069
-0.009828594298337573,0.5363900449022988
0.04517187785593038,0.5150811721277475
-0.4734976748857289,0.09643030067838905
-0.3862194532989271,-0.27494542772640307
0.5555270824392579,0.0701548695817704
-0.03404964818297312,-0.4966030891476539
-0.3376286941283409,-0.45677491887402116
0.04738918004972116,-0.39391157014756417
0.765819006007969,-0.5561379451457948
-0.10067653096959873,0.42510952634060584
0.9635784755903404,-0.292644163719775
0.42017353940647895,-0.24738895443267836
-0.5205387872897691,-0.14328034813555562
0.27823724708118586,0.395104250023904
0.9657930027300968,-0.2778229072528412
-0.7890434746892923,-0.6084494840920187
-1.010577738277528,-0.10838638029806412
-0.7053442937718298,-0.6423925445505763
-0.28613559842346326,-0.374886707073462
-0.8328676540341797,0.48025740540577244
0.43651753149583866,0.324756133557268
-0.21026691745954,-0.4015336692525266
0.4712446184144764,-0.15755478973115716
0.3994283413273008,0.3386627593041032
0.017943927769179448,-0.4523877451898929
0.405905922085047,-0.8788966010155529
-0.20702764093843154,0.4247331362677128
0.331340055540543,-0.29368030459292427
-0.4726832591754733,-0.9039276528646644
-0.45513508120751556,-0.1640303749206213
0.5431825323137703,-0.06189523697459362
0.133918389304018,0.9615705710811131
0.4677561921912927,-0.13439863651404121
0.44511402160900704,-0.320371017576325
-0.1650335060933169,0.4305709858353942
0.1454590983658532,-0.9824673712477089
0.33011222665821865,0.9731039649988849
0.4063880833715174,0.10701188539811055
-0.46870842088285236,0.12605878154241051
0.04058231431648556,-0.9957149626442817
0.38299178588191257,0.9366607314205917
-0.5761635919453311,-0.07411296378743412
-0.012734953848060662,-1.0008873832315888
-1.035478213008565,0.13125559993877844
-0.6109694715563204,-0.7329471164396061
-0.7819300739959154,0.5663706226421572
0.4568611660703027,0.9488408867829775
-1.0549263202792636,0.12324803141980484
-0.5042624286665119,0.10783856988240671
-0.002619544831271279,0.5633148405415004
0.11813840432171722,-0.5155009254735415
-0.8635995278229105,0.3468782223348928
0.7025548985479162,-0.8175158229549252
-0.1348807736096998,-0.42823763676408394
1.0238619505034545,0.11137211147106342
0.6195756825288081,-0.02710884436835749
0.9252434045516229,-0.477604810847148
1.056830660496481,-0.11474493535335474
0.24462419655367368,-0.5103303427830909
0.6361770482165591,-0.7564359634019538
0.5312076925404505,-0.7747052694086641
-0.8427584631691938,-0.5132320234832957
0.40041389413006967,0.30353359402482477
-0.47650722319739136,-0.14822972674517246
-0.6482131977959762,0.7879080882655547
0.8142272306679189,-0.6012545311617762
-0.35114288564842533,1.001275649303014
-0.4574282289931725,0.1743785311214025
0.9473857542248771,0.19061285968277003
-0.49630448228695245,-0.27838163464152227
0.7844147609211483,-0.4215261322989044
0.23711570010032906,0.40019384947978365
0.15360800320677676,-0.9946648352962345
-0.18052859394214982,0.5336638207528626
0.3219417052902064,-0.3214333584890132
0.5163437089007891,0.863056937194564
0.29218986933627156,-0.364128541453055
-0.4191009615310992,0.28199999139878196
0.5501876416042674,-0.20872891738024246
-0.7110640741635194,-0.7145907975252955
0.2850458020979481,0.9434290722684366
0.3972589451719504,0.2292422332238979
-0.15809200396463943,-0.39254048599940855
0.9659631632174348,-0.22429440942728454
-1.0300876808114932,-0.09196880426268038
-0.36870517872410125,-0.5069500653034396
0.3389536623475212,0.3697875379103364
-0.253771537013678,-0.44522685638449366
0.17417928176720093,-0.5658184613053143
-0.11552346238069906,-1.0016559375610714
0.7148268371782537,0.7709886860713926
0.016309940503679083,0.9891025415569364
0.4038249341602447,0.9175494462711584
0.7103145440736796,0.738072519787691
0.8789671449021271,0.520045959452187
-0.03042934460366984,0.4555800080723265
0.3912788074002318,-0.8317731331789343
0.09698250016043092,1.053229267457009
0.5159160116977658,-0.09835802481245408
-0.03331326111834487,0.476295018840194
-0.8977169638263967,0.473302165194582
-0.22853400890307093,-0.3519407415224925
-0.1913804469813864,-1.0404898661461177
-0.35094484720940244,-0.4292302251851327
-0.5173983513011309,-0.16191152322599797
-0.9553400937706433,0.007858118346397325
-0.14084924099296273,0.47122269561558305
-0.1421921449747978,-0.5135997124643485
-0.7816519051727516,-0.6852838287124705
-0.43703744577661063,0.12655889011641303
0.43267924535102725,-0.3369542031709839
-0.461850386479613,-0.21162823046718976
-0.3984121571866711,0.8329525334242166
-0.3873513107029674,0.38689551255269394
-0.5305864415932328,0.7982340783459076
0.06848342671070588,1.0027419614608637
0.32014090109154214,-0.374742193470475
0.1418389359204616,0.4670729302080163
-0.31197731834408426,0.3354292520546014
-0.26123841458992786,-0.5194048264786254
-0.33187845073934064,-0.41479703820212777
1.0053254195522667,0.2931849388385137
0.12194038382316452,-1.0103386464891415
0.4350835025794214,0.8776840014810946
-0.3908539696765835,0.0113966977073868
0.9880169835778002,0.03590424434593215
-0.4147519253110473,0.20795951300816437
0.6790511797658926,-0.6509894238367655
0.5853642094043522,0.905203826452968
-0.5487982437287166,-0.7984024100089426
-0.9227542078397232,0.4242252844094825
0.3486811913265132,0.34394502834348406
0.9057942326823855,0.1445567305551646
0.3613072611572243,-0.3514825561808683
0.9462768975027609,-0.1026366567827513
0.6343386337882659,-0.7561602793696338
-0.003619703021778215,0.4390693277741471
0.5504820085203941,0.09919956382781685
0.4600072338375004,-0.17335334218512194
-1.0179645035983276,-0.393783919505594
-0.04789156387938399,0.9683458214035776
-0.9114591879052192,-0.46076435589538933
-0.4152983256967309,0.9638962683557601
-0.4184824344900893,0.39479761397502633
-0.5811408623819861,0.04283154963095892
-0.646063292424125,-0.685793942827124
-0.49843678210152803,-0.08821697940160585
0.4842063996966131,-0.23375349434860668
-0.35365485992221013,-0.38293791421256157
-1.007388220292732,-0.2679600958479439
0.4290609964986476,0.23136171641094738
-0.1840308909014257,-0.9185230989642629
0.8895987738595283,-0.49882732606309393
0.11157447483611183,-0.5409452894129766
-0.48290962086224787,0.8642271919036507
0.2895073705419669,0.4187994279458389
-0.49826203931376495,-0.17745108331914955
0.13920514531484923,0.9106219360954557
0.3467055726547143,-0.414947493719113
0.2673710041890852,-0.3813636654762393
-0.3349767408830149,-0.4244443168626453
-0.5182679816133352,0.8605640925584762
0.32386603124828384,-0.45870626866359177
0.4618824956939269,-0.06939946091830927
-0.8858759188821413,-0.4112630241169588
-0.16193040529387265,1.0458576816886678
0.013796590834579042,-0.5204019769274724
0.885631225983995,-0.5133628984866107
-0.3762458492658527,0.38140984502622693
0.24412807969812375,-0.3005376709403823
0.871783268750421,-0.6259708473478695
-0.451192325112242,-0.24958678469100948
0.8466758912735646,-0.5796722959310059
-0.4233509765471779,-0.9288430435128392
0.3953217827000274,-0.35911250945832385
-0.5475998527387704,0.8622969272576902
-0.29698203584474314,1.0319532612453959
0.6535338847345313,0.6879438917466627
-0.6912273016544114,0.7454097797810888
0.29717261914952464,0.43456567219810244
0.05824155888344354,1.0263268368909007
0.4666598525811093,-0.9008732147216912
0.2514769180668056,-0.47771180674254715
-0.4535120452041025,-0.06745402078055439
0.024008751111797184,-0.4851451282770269
-0.27391544329145573,-1.035432508986836
-0.9502359187797386,0.3433363195289334
0.3366810850373335,-0.42225554032575335
0.8795817819634064,-0.4037583338094778
0.19577047384873567,-0.9737192574360508
-0.08745497836470405,-0.5561703973900661
0.44870309483134707,0.0456842974932865
0.054499325683746505,-0.4905850984323446
0.06524039649612809,0.4730159416011584
0.5028766084389589,-0.12100193119330456
-0.7956066030408376,0.5946917431729954
0.3745690166294714,0.3183996993383588
-0.2606765090872753,0.3964597195195648
-0.11670788500484489,-0.5249883873441288
0.22316858981597373,-0.9795434129951041
0.30038288889416115,-0.29081175163878004
0.028775618796842126,0.5283207683287231
0.2082677123176086,-0.3919156497681727
-0.014506325891142105,-0.992562077768809
-0.40344633101426197,-0.4500959079799214
0.27224808886460294,0.9707923086643182
0.2767932172086443,-0.3285646282088121
0.32348517646673336,0.44294666103009245
-0.4954645995003292,-0.1440886289595005
-0.1677187429372237,0.3978445109845995
0.19018911940694935,0.9933395557166795
-0.4083833567771726,-0.27651451366050644
0.41695237578329325,-0.20273751195315545
0.4281126248045182,-0.22279071112842438
-0.47211393757154135,-0.10687826534069736
-0.5222813251258477,0.1878280942741976
-0.0671972756003522,-0.5009478241001365
1.0117530127575338,-0.07417245111974263
0.9804077221045235,-0.04776822894961642
-0.5043309232552322,0.07629264561805266
-0.1548985826335313,-0.5046175242438344
0.4549192549679463,0.22386034733041313
-0.5346815565563064,0.007770042784806169
0.22118851967026415,0.4939407118065636
0.4711751092161731,-0.8881502894793425
0.03599749792493942,-0.9918910696198903
0.18001760745502135,-0.5189617221553573
-0.5517675303430779,-0.022500304140244058
0.5966117158969552,-0.8588288297972674
-0.4662497158682991,0.8978667410351894
0.2871464180587486,-0.31130063636796623
-0.9052046220051992,0.493157895409544
0.5203337404186429,-0.19185386645146105
0.9559754999580367,-0.1514847774326172
-0.485632691195747,0.2457727490057206
-0.904864401124842,-0.22390695708032596
0.8669030568701224,-0.3760742534321788
0.15137707811985487,0.9523339905459272
-1.0016798052282567,-0.3716928574039977
-0.08916818276680488,-0.43461317130987986
-0.35919633467662143,0.346568549997128
0.0943797795686967,0.525178723615271
0.957236205746355,-0.026294903218310833
-0.08080812759304673,0.9547392273770594
0.8871054634223913,0.37186103748636906
0.048960155974171055,-0.5511667544451566
0.3892201133643086,-0.8887548635139791
-0.94239126878824,-0.45358081700935815
-0.6796522903895326,0.7469245858792097
-0.7044274770449104,0.6278697757195026
0.549184210114005,-0.06620641953687076
-0.46876699229461555,-0.1755554728732092
0.42431549772665106,-0.13685575138128941
-0.4207688697398031,0.26457541948533586
0.23987324663697276,0.40542632665787626
0.2556363542221052,-0.4153994989143254
0.3772316959274011,-0.28829467536477354
-0.900537161453265,0.17398699145815485
-0.3403982046537609,-0.3671120545299483
-0.2871469905039893,-0.8703866485987479
0.4747110808724457,0.007101261036327424
1.030258705103853,-0.27872009008571325
0.24865537368597018,-0.32675292360643593
0.7783895466303834,0.7254009580478447
-0.23886907969016768,-0.5409544959893049
-0.9794557787652821,0.3058634462131814
0.8881615208572864,-0.1971611994643657
0.9465601784787739,0.1335986127068654
-0.3235551414633302,-0.30666474098624114
-0.24304351582405173,-0.9541696903434598
0.3841353638042647,0.34966751564576826
-0.7942192482409868,0.5770871603314509
-0.3437353218095164,0.31116980741815076
-0.23617727405401226,0.35023432530069404
-0.813795007966021,-0.470164997362816
0.7836290556705721,-0.5835983110507891
0.20123095183016634,0.4060312900412561
0.2651781955313555,0.9678533312004592
0.046553549316215054,-0.5050273015584326
-0.9870622788091983,-0.09671747267639613
0.7860795045309408,0.498472961894403
0.4444728139755211,-0.1261608642680589
0.5704020281561893,-0.8489334223614868
-0.8621900480774738,0.398692302085948
0.32271852704887655,-0.9882302527221681
0.5056613796770071,-0.8809468549934005
-0.2539961861756451,0.35375162977006264
0.74004497553667,0.6392794280509524
0.6040769819343872,0.7686433659635477
0.5991494003504715,-0.7503489419131557
-0.14378066894512878,0.4575579591719255
-0.4256122469396438,0.2806033319053227
0.7722096239725574,0.5418376388089174
-0.7799289093192452,-0.46384285183158475
0.6836739317513549,0.7433020170028012
-0.3039996345813394,0.9935530978239321
0.1732567020931738,-0.4611450658959027
0.44073480015052824,0.19858189165304846
0.851923075491953,-0.38107051084051247
0.25370400801624104,0.3805662480319927
-0.5208796892742582,-0.24626186101031028
-0.620247017178636,-0.04958533676129282
-0.5719565169992619,-0.0030082144802551086
-0.9140253015214949,0.41525083146497405
0.07460921998492659,-1.0364968572594684
0.11974056876300007,0.502305850605249
-0.45266289692153644,-0.3603513309487294
-0.4180186564988074,-0.13694267288756634
0.1257037878073928,-0.9619058426810386
-0.02546707103880186,-0.46194074118086903
-0.2794895892834297,0.3936286729935703
0.9046762978263139,0.5187620362186576
0.3265313320328981,-0.3760153549740607
-0.7055455598818308,-0.6874246686341944
-0.4761037376340268,0.2028024503725509
-0.9864625515039035,0.11015604257778214
-0.013397221767716296,-0.40237951277739653
-0.0627904957462972,0.5877536049016908
-0.14799114079847225,-0.4641362669539064
0.5089498635500714,-0.35619531509276686
-0.036676852360681404,0.9834303256142988
-0.9731966698720642,-0.021990967383779005
1.013223874263888,-0.19600864823318098
0.9445723232269011,-0.08513944042116531
0.5222657709456466,-0.006795291040024876
-0.7678505980297737,0.7377608208432286
-0.19816690077522,-0.3783100406459956
-0.40199391504828347,-0.3333121499045128
0.45053161978176415,0.21441978538594436
0.11279159168642386,0.49692763181004046
0.4916343867527645,-0.24318678927708234
-0.5032879763593625,0.28174244167167173
0.2336755532561559,-0.4186156802382279
-0.005984866140472148,-0.47011857510967
-1.0127974132561026,-0.0695406536332725
-0.739427321188602,0.6495210114439489
-0.41844665675863507,0.34711803127356505
0.24691560911381796,0.9156925089221164
0.4765319889198816,0.32178026757715716
-0.9094588407417409,-0.5812005276610597
-0.9153653923344075,0.27475127928043785
0.13953249331699613,0.8722274692296758
0.9536083979953395,-0.3048539017265567
1.0278111175108298,-0.15176230204482205
0.04750919435214905,0.9537112993478267
-0.4876205562257622,-0.780217467995908
0.34720353775447343,1.0203326991785957
0.5657404336649052,-0.8706706068412337
-0.12462830312802219,-0.4520944160305676
-0.5390974494655074,0.10752296219189639
-0.4705940730856617,0.12475225347079923
0.46791611766378044,-0.2166664036523991
-0.3295771805422594,0.42227137509321905
0.45936544512449984,0.7915047123228136
-0.049293778990986734,0.4558283004158477
0.5604126690330138,0.7208911034398529
-0.43337493800491306,-0.03243524271875036
0.43169400392832924,0.9191345483879272
0.9255922798284965,0.2811734152625405
0.8440152380618737,-0.6258688328181888
-0.3468589371664646,0.4212701637219722
0.7118010068286313,-0.6934123020466314
-0.45253344887806124,0.17248854713521583
0.09601277653887794,-0.5134982284076687
-0.5058833058054513,-0.14686768578893888
-0.021090341631339993,0.45201869659260646
-0.33991432923761683,0.30530213059167366
0.871771806990572,0.4392098561053958
-0.18756095064235567,1.0687644632288174
-0.47839837200498025,0.8478961306252761
-0.5579756951381908,0.1514458370862714
0.7143410498659873,-0.8985869635514372
-1.0174904883182547,0.0239111200246174
-0.9567793477149203,-0.3472205232563558
-0.27606663164704925,0.403502316655339
0.03817241982988842,0.4697852962455441
-0.40594930048154815,0.3007794048645851
0.8804232601483039,-0.4088023391214757
0.07547474373086954,0.989016759620761
-0.49500962074098237,0.06129781889642909
-0.129331042711604,0.4229938905259739
-0.06255377656400811,-0.4350390269445535
0.898557590630515,0.40990878130414726
-0.45425028954369573,-0.018340274560294183
-0.340006061963805,0.3126937742343788
-1.0360281883905864,-0.23527364705882314
-0.1678748484040331,0.40001216681839175
-0.7861914397166326,0.5696666627347211
-0.38506155086715893,-0.3370819561194467
0.1871544066693545,1.017332711570209
-0.3791755833994747,0.3061734514182536
-0.4934646457533112,-0.1550668728348202
0.019453585026708214,-0.4385342630123814
0.05157027815076953,-0.4925993363189929
0.9328808943711172,0.48303061870011205
0.9426618844462977,0.2973437862660614
-0.1671432773259544,-0.516056307927897
0.8780496590848199,-0.5979453545714508
0.2854881693445115,0.41102112968241034
1.0480340734377864,0.03221393704303463
-0.2165349841388253,0.3694650093737933
-0.11601465261223967,0.513737504758924
-0.6123830480865258,-0.7736753292348204
0.2858320784701454,-0.9318983847448603
0.40367421453001867,-0.32951287369983695
0.8320071718069062,-0.6266524408798497
-1.001702649434973,-0.34368710156045346
-0.8402629647652916,-0.3480735881407134
-0.5042570744453577,-0.24112734122494697
-0.566414559401471,-0.8505637284987227
-0.7239045284424437,-0.6304594474370696
0.9851334166896062,0.4840835548297241
0.4963656645376784,-0.22840296810815014
-0.019416982838194694,-0.47381867265831
0.0004123733937442947,-0.5163259655054411
0.4576846822272434,-0.17096023371712854
-0.518748533703958,-0.9354722702673306
-0.6307823348099408,-0.7258895967923915
0.8375636200817742,-0.6281051408310853
0.8481099557211006,-0.44888438930850777
-0.828424302717845,0.5841131292676179
-0.9265878689344713,-0.019360519769561747
-1.0490526599432997,-0.2382212210442456
-0.16625957614448147,-1.0307064711884146
-0.7707422226316478,0.6477030887734951
-0.24910211059131765,-0.39163196364107633
0.9598807411370331,0.027499408733594456
0.13648903501398196,-0.42872507469937127
0.17756936337051307,-0.42899674798829296
0.24347345700574902,0.4459571933101025
-0.1696024139450269,1.0147191472226234
-0.404133958402352,-0.16994946543762204
-0.06102677715094215,0.5426841375115822
0.24185737049053047,0.4650352672165545
-0.7948886144767968,0.522023321179337
-0.4198823445807266,-0.9523997062154056
-0.4001574839016986,0.30428554664383445
1.0539941743089483,-0.09547001472545245
0.9486795744544432,-0.17020119190759603
1.106945804943674,-0.05128503007285034
-0.06768757303736009,-0.4900802590478324
0.12795025691560105,0.9283749198684118
-0.3417908464034566,-0.8938970084196285
0.4578518301618226,0.11069970546150831
0.0029881573273336237,-0.9765043288932164
-0.5043060918506551,-0.7354521576578561
-0.1692375102096608,-1.0633283264993294
0.030647079876888278,0.5598681506628083
0.702207679859749,0.5385503042486717
0.8001247265194209,-0.6361074647235032
0.7860392695361057,0.6376300329455156
-0.1119720204949092,0.4992038177455835
0.2869212431723893,0.39444988682015425
0.4090318455852458,0.27097390395952065
-0.34708304080527524,-0.3419668004830926
-0.3827872988773024,-0.35115988607515314
-0.40656049170944264,0.8679271363488508
-0.7525363802615094,0.7208722182289503
-0.032571512913975406,0.5239603405656312
0.4608861045692386,-0.967714111752534
-0.9587969462756492,-0.3651473544973281
0.40757880265737995,0.1639285334929102
0.12017820783262725,0.46782338405086676
-0.8188026973880189,-0.5153431849374331
0.7624936254836778,-0.5274398217592928
-0.1105409297826862,0.5030856044011031
-0.4656294680502678,0.16300881182574367
-0.859003849407319,-0.45496816635673765
0.9731110364818134,0.2404559127503192
0.8458730555233533,-0.5882057565901386
0.3787543105521611,0.9395578172134559
0.14832979964356252,0.46910007809554466
-0.6685913455999118,0.719879549016794
-0.9095520956046911,0.1758547914181337
-0.9207079996002439,0.1775145236648324
0.9548703844117266,0.1138983340724782
-0.5723089303315807,0.814816147833863
0.6524279689968129,-0.7373560475583114
0.6989541587168849,0.7091315101548192
-0.8492049461114809,0.41628764415606173
0.6664414812411759,-0.7314260957455817
0.23890113763164492,-0.41419113981856637
-0.06848350848462542,0.5514141441646623
0.02310739522600143,-0.4975012096566985
-0.578689700811632,0.735648633349437
-0.35073258312102334,0.4293498822326875
0.961645758153769,0.39580037798647594
0.8999941370637744,0.04632886990235416
0.533581107164867,-0.06469787763452838
0.5814616547145943,0.8436072555064035
-0.03817140022018058,0.5345683463510574
0.518273993492563,0.29256440515471904
0.9851705949888223,0.43181806572668546
0.7661114843665953,-0.4807384577020072
-0.848478993526729,-0.668911651074303
-0.7203922895484656,0.6802193698218664
0.32776496371858893,-0.4115784700516449
0.21723408296437052,-0.41368175242526245
-1.0381650487376184,-0.24808334727992934
-0.4889986660977534,0.04070564792905661
-0.5176651865144287,-0.18565645390284333
0.44524053463476726,-0.815946094415928
-0.36907177442455635,-0.30887310804220697
0.540932551833163,0.14333735171578996
0.3302188036142294,0.8972665863966585
0.449803377283681,-0.3627333308831674
-0.7112020530412732,-0.7559854751586864
1.0242799630971815,-0.34756584402644175
-1.0527487576401695,0.22974851380986255
-0.3792015942662472,-0.29039284676296395
0.5096732549359863,-0.11511758386891288
-0.22672464366266873,-0.4729748293267966
0.813617341062611,0.6597223456558168
1.0421669180160111,-0.101602455507538
0.9246413512780813,-0.1392024214486512
-0.90682264527276,-0.23134381541027274
-0.33563315116712744,-0.40147040820977353
-0.4889308567354111,0.14194125344856906
-0.4633913168585276,-0.925394206314789
-0.8787912489755192,0.5029766960164902
-0.17484615057349953,-0.4387268356231903
-0.0976326071215461,-0.4834326944497654
0.23068639891161005,-1.0271559528302094
-0.4685157289485814,-0.044709929838499356
0.04481045354099792,1.1244354725348948
-0.037954947511560116,-0.4947536727836169
-0.797833838962964,-0.6861057579754489
0.17846891395385184,0.41205095800302305
0.4645637931702606,0.17125739857883304
-0.28245985400802787,0.3846078407978848
0.1977597315721701,0.4855301730727381
-1.0310544239549007,0.20085822608566883
-1.044941115159893,-0.11026593673655838
0.2935615740098207,0.9987415806069575
-0.04182900434543024,1.166685199422444
-0.03298770048093554,0.9626321544878216
0.5413107845545653,0.1977402829912281
-0.9963236331989797,-0.03743058457331842
-0.04928847164983438,-1.0341939834188645
-0.3855836734750546,0.8734599544043188
-0.2583532160668137,0.9806120546504568
0.6839692121821526,-0.7070230167063861
0.5612915522704591,0.8606378635586409
0.4180122897718625,-0.21685817707843774
0.9280049456109587,-0.3540089005743541
-0.5487624987299466,0.8413610266560272
-0.48606185488329107,-0.8480138516725683
0.5904504301579996,0.7560685345924669
-0.06518814488111525,0.4001652955821386
-0.28768882475847685,-0.939790768942855
0.7770007920700784,-0.6253183873722166
-1.000104671298857,0.10016721685533557
0.047804521708714035,0.4257226770421738
-1.0258263626442068,0.11912871625394852
0.18360606216769393,0.42043262603280207
-0.4826554321787295,-0.1525771205785882
0.32569093686103134,1.0128044734743549
0.3804087732541732,-0.31728435848691944
-0.1455086399372265,-0.9882957964526896
0.05540428719492166,0.526545548658201
-0.3142933752592727,0.5141436733669661
0.7409102761327231,-0.6785868604905357
-0.22578600420685307,0.5069642914461717
-0.11110456181382371,1.0538183007178303
0.08625522965011634,-0.47635846496170503
-0.2782085061030741,0.9333552758929635
0.2097518565943641,-0.4758396058973675
-0.42760155944524963,-0.004303923137427307
-0.32666852059213825,1.0126560996308756
0.26051176828403005,-0.8895561951442948
-0.14789286976833427,-0.48254338312033623
-0.6856531067104302,-0.699214108286204
-0.35534799695501834,0.3535346743658638
-0.6396886836709453,-0.785800000256951
0.3833733442276148,0.21211725036698678
-0.32623229623669764,0.9426931868025272
0.9921157642309626,-0.051144162087233005
-0.4290609431025735,-0.8805933555158046
0.887226327628888,0.5278051166038379
-0.6796246374191185,-0.7393152801096278
-0.12344056616858531,-0.4698136001808501
-0.4538037996019549,0.3207667202728902
-0.5364918029861826,0.8818797744235699
0.27188563312556646,-0.5299112299245893
0.42449197390251187,-0.04318480372553216
-0.41960489030395215,0.8746683948218151
-0.7335120802881915,-0.7345607530772397
-0.4667316443246057,0.014733550203632505
-0.44539123540816383,0.2642037290032339
0.12222276548655711,-0.9775370840365909
-0.5054817557738771,-0.8783725648672546
-0.7775168192321288,0.5400206078300014
0.39543701214367305,0.3742709864523778
-0.4436794236640057,-0.2396999932792087
-0.39689379739120234,0.4346797320226383
-0.961421040404715,-0.17567258375668351
-0.2662185593551543,0.4202700469826528
-0.464952916819016,0.09296069527915467
0.8758428358010426,0.4562872287941774
-0.9898295969981995,-0.004155952125985553
0.9337793449625731,0.22263749572521083
0.8785035682345904,0.5685724461720942
0.5163389137649431,0.28175694106013843
-0.3269425753109177,-0.4238616196394932
0.011137479851987597,0.40858625412733524
-0.4267702235932827,-0.9842271845381789
-0.6498554636753758,-0.804102354866066
-0.22262593260565233,-0.3868549154810433
0.4053882385545766,-0.24525431619202537
-0.5579852430870985,-0.7864118679402816
0.8962340279613754,0.35137459788283826
0.9747450637406839,0.05323151906764207
-0.5413132247564104,-0.006168368225359724
-0.2766461489815062,-0.3948045934011724
-0.8548642174441103,-0.5514284092268849
0.4876116559895021,-0.10655898770335726
0.10775757737116114,0.5298579831702782
-0.3825313885117049,0.29021137519401813
-0.985609228110728,0.33923102596990584
-1.077417555931702,-0.0016467678640617184
0.16793640198978557,0.49793822920636677
-0.5050092766982937,-0.014167170863523003
0.4208647571932656,0.3224815317438867
0.3828076475832387,0.29313558231258546
-0.4788209842934649,-0.06601540632544742
0.40091473790744775,0.3341739256300697
0.015635477233583692,1.0002835172497053
0.6539963468986666,0.6931084718808054
0.7850161929832681,0.689167969687285
-0.1478652338261436,-0.4214966628788696
-0.40604341340937106,-0.012235102436282919
-0.4209149072217545,-0.9083889400488006
-0.9786520795288381,0.4532005364406559
1.028136553700067,-0.020954468207655008
0.356007984950522,0.28850951699551564
-0.6143983560296199,-0.9016750512325896
-0.41848634271417634,0.9418952568883894
-0.4784675706670473,-0.27132338460735234
-0.27302976777424437,-0.34905478606888796
0.9996018080559257,-0.32872923508153
-0.3123955960951755,-0.9832635153098434
-0.6201045088122982,-0.9217153786434185
0.4053137908163415,0.21496178917825948
-0.10642028263677798,0.46770400717940547
0.00014571003563169926,0.5700424029358745
0.23164063495078302,-0.37573270534650804
-0.722852577677623,-0.7559004482864474
0.7122375156497522,0.7010936518973883
-0.025812543464054843,1.0886540199996035
-0.39977209684197,0.9948339546936951
0.5272153467472049,0.8485556845275317
0.1449875586185243,-0.5531264354505234
-1.001497752389024,-0.08905105693715154
0.1624106215701695,0.49451638148087956
-0.6073516913928428,-0.7073275305780546
1.0853245664204507,0.16354201925092637
-0.20083265061060523,0.5382427239582874
-0.4125606344409136,0.9043520848456406
0.31534474102204546,0.9255957214016908
0.2925692110218552,-0.2843495924353797
0.3160975342516079,0.8451002631205017
-0.7137029914713926,-0.6806382426935333
0.908265917135899,-0.3584898791334601
-0.07974567278093912,-0.45881866616902495
0.035855238367307835,0.5346076728149115
0.19626241483093437,0.41070317530088274
0.33945811376593477,-0.3006075276892971
-0.23159473549661108,1.0542843389848324
0.08228746018053736,-0.9597645850733506
0.25928262299585697,0.3716648276364547
-0.7357416582072399,0.6565525377040389
0.2206820555532604,-0.5362806777159872
0.6322398640353122,-0.6677895098949754
0.9982277489412371,0.31328149548164475
-0.5061693428272324,-0.25842167718916353
0.9788433165747212,0.4045280016111376
-0.2585049527378165,0.31423938405329754
-0.4414038482703781,0.0350076632512704
-0.10033867795187856,0.45025310202436736
-1.0211016608516619,0.38590646499135445
-0.2918251391186032,-0.43514821288824523
-1.0782429806113878,-0.05059419158525007
-0.38437631364001024,0.3274053595833074
-0.11282414975525015,-0.4284382221687669
-0.9571147357309688,0.4645592744988224
0.4651755327948717,0.055218241701996365
-0.7786781069107575,-0.7195666516408291
-0.9478588301316611,-0.3767813945058526
0.392734661737689,-0.10681012338224578
0.5105299983578772,0.004933300510569935
0.47304895913013423,-0.2115133419810594
0.09157304096341488,-0.6000938899166639
0.4438185628976095,0.8647038511246744
0.21577105963548193,-0.48307888349067396
0.46895538094513806,-0.11078846829316993
0.9355067378729802,-0.30321841608542366
0.8463644135742197,0.5880295220480564
-0.9469469315226683,-0.27116748621301245
0.13065076411290755,-0.4599158151838458
-0.26239900158445106,0.37916587152756187
0.27339718813744873,0.43121724267344586
-0.4632530836019322,0.015031773827448525
0.463430026952286,-0.359458890999815
-0.49120442517903473,0.908030260046939
0.321776641266011,-0.3528766892562727
-0.8049128653751915,0.5761534689322614
-0.16348992018785388,0.4974220011424385
0.5500277743272581,0.19841909768062707
0.49303674078745396,0.2174369049641252
0.5147781774913806,-0.179374388005463
-0.39197684649973863,-0.39680100692148973
0.18541395245215603,-0.5344612245843202
-0.49229633536902045,-0.0858659072254579
0.42472975694735426,-0.8104714984485183
0.794318292728528,0.5752166876819976
-0.782857342436607,-0.6704079773413983
0.9883424627754546,0.2489935283577854
0.9633727633555521,0.18508620903519152
0.456409102683684,0.32708886458608155
0.0964893528452899,0.9988035463958924
0.8171569874611924,0.5053408927356344
0.03723923042733931,-0.5531861358308846
-0.9664580944010834,-0.34846229349748536
-0.4760710921600434,-0.9825659880067771
0.2987398236583732,-0.4136881957327769
0.9214970618549577,0.05410668034872149
0.17150471513839058,0.4728996699515058
0.5150642711900967,-0.13430511741302262
0.7434023961831518,0.643267548836335
-0.09781223949921297,-0.503072108328412
-0.6117279328641141,0.8590640858957389
0.40124578243142484,-0.07794777326487243
0.01846805323000429,0.4874259754485593
-0.14836285196205234,-0.47996380173405495
-0.4924693757290316,0.08024207385887731
0.015827933956260302,0.8738084581690857
-0.8364636428732861,0.5668712348306696
0.9759127132015752,0.36043662700093165
0.42941299721749077,-0.925274592212834
-0.9411574661235051,0.3498479273149511
-0.805499598358242,-0.6529439093804222
0.3869585329780324,-0.2996384711545235
0.3063366549418904,0.41874541639729745
-0.40947411058717975,-0.31401456067088773
-0.7133472251371066,0.7936852274375674
0.12356548439723816,-0.44880574616319663
-0.12611281652012882,-0.4323929466817401
-0.3136098783337721,0.2592282503473973
-0.5438490582049708,0.20087204886885576
-0.39037151221273286,-0.2385545456617855
0.016863747084467615,-0.9028957030284369
-0.9271890778202411,-0.43551101786806556
0.24146742790820075,0.4653958676141847
-0.934667768245249,0.16067098709204658
-0.36449061140075023,-0.968661654397868
-0.524568807778465,0.031058662490881073
0.4920720068609652,-0.09157276848195584
-0.11223244404464917,0.9197764677219735
-0.9458180748922955,-0.16934590906243172
-0.48472492464289024,0.8444639408247304
-0.20372341501742983,-0.44847013406957126
-0.09396823720346915,-0.45751156409064375
0.001809729093384841,-0.5798365699122768
-0.07737591333355472,-1.0229315899467741
0.5355977025088955,0.16018314253722127
-0.5162074922278247,0.27320132083496734
0.8702604908586519,0.48449777823765827
-0.32656368357491533,0.37015985946738916
-0.20464539827525713,0.9638650239640646
-0.3023729935665397,-0.387504480719259
0.3723299896369624,-0.32391643755868366
-0.46399865681368635,-0.07462364414314704
0.9622162390950229,-0.34598312263852365
-0.47622469576253024,0.1002907686937931
-0.5314015878039196,0.13030211108437564
-1.0144489819890479,0.18676848299774224
0.003849424437342269,0.4690283760900355
-0.3967059334174122,0.22357001204558774
0.13016278240064344,-0.9417673747879294
-0.8236409520010594,0.6628367130197682
0.4516711719454847,-0.29264656403013867
-0.437503769362141,-0.12629774665611182
0.968907043998447,0.008464263405744549
0.43652318287197395,-0.05414568661322202
0.4540910871423676,0.2657165203222403
0.05397096345848362,-0.5107544221366053
0.36753572402749085,-0.2912650489012715
0.44358359251528995,-0.21252219971381126
0.9595780403932211,0.45544709723754323
0.11866880851050096,-0.9909304256550873
0.3066648888750372,-0.43251095817993407
-0.570566511892398,-0.09881505147332081
-0.8711151761896312,-0.3802986003829686
-0.008544584812384657,0.5048559915183098
-0.7217824411956676,0.6430690421708023
0.2864940198708089,0.40292692225614013
0.5237930703432425,-0.07782432906304815
-0.072512990741527,0.46868341168563027
0.007917098939361945,0.49181500584468096
-0.1591307292360932,0.9761935900697503
-0.3113414542084778,0.41105463793641517
0.4729770803887595,-0.885427081734922
0.3090193492173174,-1.0439864289607916
0.4349092727356096,0.4697248193611512
-0.3651111383509289,-0.39204358910421255
0.47766743889839614,-0.23337987831670065
1.016207820058354,-0.15064478510146093
-0.27652442866813065,1.0001236795749482
0.05413195981454799,-1.0446859079882937
-0.6927555530924329,0.7924904702504143
0.32231021862039066,-1.0094073207307774
0.5057275142683983,0.17961993265620393
0.2051785551913995,-0.5137069219867403
0.4972379577409374,0.1255477951999749
-0.261143564622699,0.4123879145957044
-0.7770953684622319,-0.5229629622283185
-0.27128893486486844,0.39276234385165143
-0.973480266993387,0.23985658803467427
1.0415867236235414,0.10346460369284048
0.2530449947724237,-0.39519606899797977
0.08519720615585333,-0.46302799787989884
0.8908203093275595,0.003483361345401448
0.22376758605796265,-0.4191222438896397
0.22118862854817203,-0.5103136430635932
0.5443764213271542,0.04935754081383036
